{"cameraMode":{"drawMode":0,"name":"Shaded","section":"Shading Mode"},"sceneLighting":true,"audioPlay":false,"sceneViewState":{"m_AlwaysRefresh":false,"showFog":true,"showSkybox":true,"showFlares":true,"showImageEffects":true,"showParticleSystems":true,"showVisualEffectGraphs":true,"m_FxEnabled":true},"in2DMode":false,"pivot":{"x":6.909999847412109,"y":2.2200000286102297,"z":7.289999961853027},"rotation":{"x":-0.16455379128456117,"y":-0.006809677463024855,"z":0.001134993159212172,"w":-0.9863473176956177},"size":0.8660253882408142,"orthographic":false}