{"cameraMode":{"drawMode":0,"name":"Shaded","section":"Shading Mode"},"sceneLighting":true,"audioPlay":false,"sceneViewState":{"m_AlwaysRefresh":false,"showFog":true,"showSkybox":true,"showFlares":true,"showImageEffects":true,"showParticleSystems":true,"showVisualEffectGraphs":true,"m_FxEnabled":true},"in2DMode":false,"pivot":{"x":31.069591522216798,"y":47.695430755615237,"z":-19.74981689453125},"rotation":{"x":0.3261581063270569,"y":0.17583191394805909,"z":-0.061881471425294879,"w":0.9267547130584717},"size":22.212772369384767,"orthographic":true}